{
  "questions": [
    {
      "id": 1,
      "text": "週末の予定が急に空きました。どうしますか？",
      "choices": [
        {
          "label": "新しいことに挑戦してみる",
          "type": "D"
        },
        {
          "label": "誰かを誘って出かける",
          "type": "I"
        },
        {
          "label": "家でのんびり過ごす",
          "type": "S"
        },
        {
          "label": "部屋の片付けや整理をする",
          "type": "C"
        }
      ]
    },
    {
      "id": 2,
      "text": "新しいカフェがオープンしました。あなたは？",
      "choices": [
        {
          "label": "すぐに行ってみる",
          "type": "D"
        },
        {
          "label": "SNSでシェアして友達を誘う",
          "type": "I"
        },
        {
          "label": "口コミを聞いてから行く",
          "type": "S"
        },
        {
          "label": "メニューや評判を調べてから行く",
          "type": "C"
        }
      ]
    },
    {
      "id": 3,
      "text": "友達が落ち込んでいます。あなたの一言は？",
      "choices": [
        {
          "label": "元気出して！行動すれば変わるよ",
          "type": "D"
        },
        {
          "label": "一緒に楽しいことしよう！",
          "type": "I"
        },
        {
          "label": "無理しなくていいよ、そばにいるから",
          "type": "S"
        },
        {
          "label": "何があったのか詳しく教えて？",
          "type": "C"
        }
      ]
    },
    {
      "id": 4,
      "text": "家族旅行の計画を立てる時、あなたは？",
      "choices": [
        {
          "label": "行きたい場所をどんどん提案する",
          "type": "D"
        },
        {
          "label": "みんなが楽しめるアクティビティを探す",
          "type": "I"
        },
        {
          "label": "全員の予定を優先して日程を決める",
          "type": "S"
        },
        {
          "label": "宿や交通手段を比較して決める",
          "type": "C"
        }
      ]
    },
    {
      "id": 5,
      "text": "新しい美容法を知りました。あなたは？",
      "choices": [
        {
          "label": "すぐに試してみる",
          "type": "D"
        },
        {
          "label": "友達にも紹介して一緒に試す",
          "type": "I"
        },
        {
          "label": "安全そうか確認してから始める",
          "type": "S"
        },
        {
          "label": "成分や効果を調べてから実行",
          "type": "C"
        }
      ]
    },
    {
      "id": 6,
      "text": "大事なイベント当日、雨になりました。あなたは？",
      "choices": [
        {
          "label": "予定変更！別の案でいこう！",
          "type": "D"
        },
        {
          "label": "雨でも楽しめる方法を見つけよう",
          "type": "I"
        },
        {
          "label": "まあ、こんな日もあるよね",
          "type": "S"
        },
        {
          "label": "次は天気予報をもっと見ておこう",
          "type": "C"
        }
      ]
    },
    {
      "id": 7,
      "text": "お気に入りの服にシミをつけてしまった！",
      "choices": [
        {
          "label": "すぐに手を打てば大丈夫！",
          "type": "D"
        },
        {
          "label": "これをきっかけに新しい服探そう",
          "type": "I"
        },
        {
          "label": "まあ、時間をかけてケアしよう",
          "type": "S"
        },
        {
          "label": "原因を分析して今後防ごう",
          "type": "C"
        }
      ]
    },
    {
      "id": 8,
      "text": "友人との約束がキャンセルに。あなたは？",
      "choices": [
        {
          "label": "別の予定を入れて時間を有効活用",
          "type": "D"
        },
        {
          "label": "他の友達を誘って楽しく過ごす",
          "type": "I"
        },
        {
          "label": "家でゆっくりしてリフレッシュ",
          "type": "S"
        },
        {
          "label": "次回の予定を早めに調整しておく",
          "type": "C"
        }
      ]
    },
    {
      "id": 9,
      "text": "プレゼントを贈る時、あなたは？",
      "choices": [
        {
          "label": "相手が驚くようなインパクト重視",
          "type": "D"
        },
        {
          "label": "会話の中で欲しそうな物を選ぶ",
          "type": "I"
        },
        {
          "label": "喜ばれる無難なものを選ぶ",
          "type": "S"
        },
        {
          "label": "好みやサイズをしっかりリサーチ",
          "type": "C"
        }
      ]
    },
    {
      "id": 10,
      "text": "新しい趣味を始めようと思います。あなたは？",
      "choices": [
        {
          "label": "とにかく体験してみる",
          "type": "D"
        },
        {
          "label": "仲間を見つけて一緒に始める",
          "type": "I"
        },
        {
          "label": "生活のリズムに合うか考えてから",
          "type": "S"
        },
        {
          "label": "必要な道具や費用を調べてから",
          "type": "C"
        }
      ]
    }
  ],
  "prescriptions": {
    "D": {
      "headline": "直感と行動力は魅力。勢いに優しさを少しプラス。",
      "replace": [
        {
          "bad": "早くして！",
          "good": "できることから一緒に始めよう？"
        },
        {
          "bad": "結論出して！",
          "good": "今日のゴールを小さく決めよう"
        },
        {
          "bad": "なんでできないの？",
          "good": "何があればやりやすくなるかな？"
        }
      ],
      "selfTalk": [
        "私はやればできる人",
        "まず一歩、そして呼吸をひとつ",
        "楽しさも大切にする"
      ],
      "scripts": [
        {
          "scene": "予定調整",
          "text": "優先は◯◯、できる範囲で◯◯から始めよう？"
        },
        {
          "scene": "お誘い",
          "text": "今度◯◯やってみない？私も一緒に試したいんだ"
        }
      ],
      "drills": [
        "“命令口調→お誘い口調”に言い換えを1日2回",
        "朝の3分“やること宣言”"
      ]
    },
    "I": {
      "headline": "明るさは周りを照らす力。ワクワクに“ひとつの約束”を。",
      "replace": [
        {
          "bad": "とりあえずやろう！",
          "good": "30分だけ試そう。終わったら感想を共有しよ"
        },
        {
          "bad": "なんとかなる！",
          "good": "“なんとかする計画”を2行で書くね"
        },
        {
          "bad": "わー楽しそう！",
          "good": "一番の楽しみポイントはここだよね！"
        }
      ],
      "selfTalk": [
        "楽しむことに遠慮はいらない",
        "褒め言葉＋次の一歩",
        "約束は小さく守り切る"
      ],
      "scripts": [
        {
          "scene": "お礼",
          "text": "今日の◯◯、本当に嬉しかった。特に◯◯が最高だった！"
        },
        {
          "scene": "提案",
          "text": "この案、ワクワクは◯◯、最初の一歩は◯◯にしない？"
        }
      ],
      "drills": [
        "毎日1人“いいところフィードバック”",
        "楽観フレーズの後に具体策を1つ"
      ]
    },
    "S": {
      "headline": "その優しさは強さ。自分にも同じ言葉でぬくもりを。",
      "replace": [
        {
          "bad": "私がやるよ",
          "good": "一緒にやろう。お願いしてもいい？"
        },
        {
          "bad": "無理しないで",
          "good": "できる範囲で、休みながら進めよう"
        },
        {
          "bad": "どっちでもいいよ",
          "good": "私は◯◯が好き。あなたはどう？"
        }
      ],
      "selfTalk": [
        "私は人に安心を渡せる",
        "“私は”を主語に小さく主張",
        "休む勇気も大切"
      ],
      "scripts": [
        {
          "scene": "相談の場面",
          "text": "気持ちわかるよ。まずは一緒に状況を整えよう"
        },
        {
          "scene": "お願い",
          "text": "◯◯を手伝ってもらえる？私も◯◯をやるね"
        }
      ],
      "drills": [
        "受動表現→“私は〜したい”に置換を1日2回",
        "1日1つ“自分へのねぎらい”"
      ]
    },
    "C": {
      "headline": "丁寧さは品。完璧より“美しく整う60点”から。",
      "replace": [
        {
          "bad": "ちゃんとやって",
          "good": "ここだけ丁寧に整えよう"
        },
        {
          "bad": "それは違う",
          "good": "この前提なら◯◯、別の前提なら◯◯だね"
        },
        {
          "bad": "もっと正確に",
          "good": "今回はここまでで十分、仕上げは明日"
        }
      ],
      "selfTalk": [
        "私の丁寧さは価値",
        "条件付きで前に進める",
        "余白を残しても大丈夫"
      ],
      "scripts": [
        {
          "scene": "分担",
          "text": "手順は①②③で、私は③をやるね。これで回りやすいと思うよ"
        },
        {
          "scene": "確認",
          "text": "良い点は◯◯、心配は◯◯。この条件ならOKだね"
        }
      ],
      "drills": [
        "“否定→条件付き合意”を毎日1回",
        "完璧を目指さないタスクを1つ入れる"
      ]
    }
  },
  "phrases": {
    "D": [
      "よし、やってみよう！",
      "今がチャンス！",
      "動けば変わる",
      "やるなら今！",
      "迷うより動く",
      "まずは行ってみよう",
      "試す価値あり",
      "私ならできる",
      "勢いが大事",
      "今日のうちにやっちゃおう"
    ],
    "I": [
      "楽しみだね！",
      "それ素敵！",
      "ワクワクする〜",
      "一緒にやろうよ",
      "元気もらえる",
      "いい感じ〜",
      "盛り上がってきた",
      "そのアイデアいい！",
      "今を楽しむ",
      "幸せだなぁ"
    ],
    "S": [
      "大丈夫？",
      "無理しないでね",
      "いつもありがとう",
      "ゆっくりでいいよ",
      "お手伝いするよ",
      "焦らなくていいよ",
      "そばにいるから",
      "安心してね",
      "あなたはあなたのままでいい",
      "よく頑張ってるね"
    ],
    "C": [
      "ちゃんと確認しよう",
      "細かいところも大事",
      "準備はしっかり",
      "やるなら丁寧に",
      "正確さが大事",
      "整っていると安心する",
      "段取りが肝心",
      "無駄なく進めたい",
      "約束は守る",
      "長く使えるように"
    ]
  }
}